{
    "Model": "XGBRegressor",
    "MAE": 3.9590265399606572,
    "RMSE": 19.976436865896844,
    "R2": 0.9811852940881293
}